id;method;time_ms;time_s;time_str;length_htm;length_qtm;created_at;state_54
3;LBL;107570;;;0;0;2025-09-04 23:44:26.907846+00:00;
4;LBL;121180;;;0;0;2025-09-04 23:44:26.914381+00:00;
5;LBL;108010;;;0;0;2025-09-04 23:44:26.921003+00:00;
6;LBL;77240;;;0;0;2025-09-04 23:44:26.927389+00:00;
7;LBL;121850;;;0;0;2025-09-04 23:44:26.933647+00:00;
8;LBL;104630;;;0;0;2025-09-04 23:44:26.939793+00:00;
9;LBL;100630;;;0;0;2025-09-04 23:44:26.945726+00:00;
10;LBL;88500;;;0;0;2025-09-04 23:44:26.951498+00:00;
11;LBL;92930;;;0;0;2025-09-04 23:44:26.957719+00:00;
12;LBL;117570;;;0;0;2025-09-04 23:44:26.963535+00:00;
13;LBL;95240;;;0;0;2025-09-04 23:44:26.969058+00:00;
14;LBL;81500;;;0;0;2025-09-04 23:44:26.974016+00:00;
15;LBL;94050;;;0;0;2025-09-04 23:44:26.980434+00:00;
16;LBL;99560;;;0;0;2025-09-04 23:44:26.985941+00:00;
17;LBL;72160;;;0;0;2025-09-04 23:44:26.992707+00:00;
18;LBL;121520;;;0;0;2025-09-04 23:44:26.998140+00:00;
19;LBL;75070;;;0;0;2025-09-04 23:44:27.004256+00:00;
20;LBL;89210;;;0;0;2025-09-04 23:44:27.009619+00:00;
21;LBL;75790;;;0;0;2025-09-04 23:44:27.015393+00:00;
22;LBL;90510;;;0;0;2025-09-04 23:44:27.021146+00:00;
23;LBL;86600;;;0;0;2025-09-04 23:44:27.026686+00:00;
24;LBL;92010;;;0;0;2025-09-04 23:44:27.032054+00:00;
25;LBL;63230;;;0;0;2025-09-04 23:44:27.038646+00:00;
26;LBL;83810;;;0;0;2025-09-04 23:44:27.044326+00:00;
27;LBL;109150;;;0;0;2025-09-04 23:44:27.050257+00:00;
28;LBL;101880;;;0;0;2025-09-04 23:44:27.056630+00:00;
29;LBL;81700;;;0;0;2025-09-04 23:44:27.063002+00:00;
30;LBL;96170;;;0;0;2025-09-04 23:44:27.069206+00:00;
31;LBL;114910;;;0;0;2025-09-04 23:44:27.075096+00:00;
32;LBL;106340;;;0;0;2025-09-04 23:44:27.081236+00:00;
33;LBL;99610;;;0;0;2025-09-04 23:44:27.086991+00:00;
34;LBL;74340;;;0;0;2025-09-04 23:44:27.092789+00:00;
35;LBL;67720;;;0;0;2025-09-04 23:44:27.098159+00:00;
36;LBL;80490;;;0;0;2025-09-04 23:44:27.104358+00:00;
37;LBL;103890;;;0;0;2025-09-04 23:44:27.110645+00:00;
38;LBL;97760;;;0;0;2025-09-04 23:44:27.115498+00:00;
39;LBL;91330;;;0;0;2025-09-04 23:44:27.121787+00:00;
40;LBL;80740;;;0;0;2025-09-04 23:44:27.128549+00:00;
41;LBL;79200;;;0;0;2025-09-04 23:44:27.134471+00:00;
42;LBL;107790;;;0;0;2025-09-04 23:44:27.140823+00:00;
43;LBL;77690;;;0;0;2025-09-04 23:44:27.147741+00:00;
44;LBL;83330;;;0;0;2025-09-04 23:44:27.154539+00:00;
45;LBL;105930;;;0;0;2025-09-04 23:44:27.161225+00:00;
46;LBL;133890;;;0;0;2025-09-04 23:44:27.167940+00:00;
47;LBL;90070;;;0;0;2025-09-04 23:44:27.174290+00:00;
48;LBL;102860;;;0;0;2025-09-04 23:44:27.180248+00:00;
49;LBL;99080;;;0;0;2025-09-04 23:44:27.186655+00:00;
50;LBL;92550;;;0;0;2025-09-04 23:44:27.194256+00:00;
51;LBL;100620;;;0;0;2025-09-04 23:44:27.200770+00:00;
52;LBL;97620;;;0;0;2025-09-04 23:44:27.207539+00:00;
53;LBL;87010;;;0;0;2025-09-04 23:44:27.213168+00:00;
54;LBL;97940;;;0;0;2025-09-04 23:44:27.219343+00:00;
55;LBL;91010;;;0;0;2025-09-04 23:44:27.226077+00:00;
56;LBL;101400;;;0;0;2025-09-04 23:44:27.232187+00:00;
57;LBL;98390;;;0;0;2025-09-04 23:44:27.240666+00:00;
58;LBL;99310;;;0;0;2025-09-04 23:44:27.248304+00:00;
59;LBL;77320;;;0;0;2025-09-04 23:44:27.254320+00:00;
72;LBL;146005;;;167;176;2025-09-07 17:25:27.983652+00:00;UBUUURDFULFFRRDDBBRUBDFUUDFFRLFDUFBDBLBFLLDLLRLRBBDLRR
73;LBL;149210;;;187;190;2025-09-07 17:38:34.219634+00:00;LUFBUBDULBLURRDBUFLBURFDUURBRDDDFDLRDRFDLFRBRLLBLBFUFF
74;LBL;110762;;;122;128;2025-09-07 17:54:41.812348+00:00;LRLFUBRUDRDDBRRDURFFBLFLUBLLRBDDBRDFULURLUBFBFDFUBFDLU
75;LBL;147606;;;161;170;2025-09-07 18:05:22.941821+00:00;RFFUUDUBLDLLDRUDDLLLBFFRRLBDURRDBRRFURBBLLUFFDDBFBUUBF
76;LBL;117786;;;154;160;2025-09-07 18:10:25.515368+00:00;BRFRUDDDFDBRBRBRLURRLBFLBLFLDDUDUUDLRFBFLRBFDUUUUBLFFL
77;LBL;112764;;;127;136;2025-09-07 18:16:32.691618+00:00;BFFDULDULFBRFRDUDBRLDFFUFURRRBBDBFLLLRBULLURDURDFBBUDL
78;LBL;123078;;;130;139;2025-09-07 18:23:31.024703+00:00;LURLURFBBLFFLRRUFBLUDBFDFRRUDBBDDBULFFURLLRDRDLDBBUUFD
79;LBL;113352;;;135;144;2025-09-07 18:32:50.829356+00:00;BUDBULUUBUDRFRBURBFLLDFDFRRDDBBDFRLRLULRLBULLFFDRBUDFF
80;LBL;149487;;;145;154;2025-09-07 18:43:22.614138+00:00;DRDBUFRRDBLFDRFUUBFDLUFFLBLBRFBDRBDUFDUBLLRLULFRUBURLD
81;LBL;119693;;;131;140;2025-09-07 18:49:51.651464+00:00;DDRLULBBRUUUBRFFRFURBUFLDBLRUDDDFDUUBDLRLRRFBFBLLBDLFF
82;LBL;126200;;;154;160;2025-09-07 18:56:28.184789+00:00;DRDLUFUUDRLRBRBULBRRBDFRUFLBDFFDBDLLBUFFLBFRRFDLUBUUDL
83;LBL;120373;;;163;172;2025-09-07 19:02:39.869119+00:00;LRUUURBURDDBFRRFDBLFFDFLBRUDULUDFUDUFLDLLLFBRLBDFBBRBR
84;LBL;122009;;;150;162;2025-09-07 19:07:57.551588+00:00;RLFRUUUUBLLLLRFRUDFBDDFBUDFLFDBDFRRBUULFLRUDBDDBRBLRBF
85;LBL;108159;;;122;134;2025-09-07 19:12:27.025815+00:00;FUBUURBRLDFRLRDFDRRBBFFBLRLBDDUDBURFLFUDLLFBUDLUFBLDUR
86;LBL;138013;;;164;176;2025-09-07 19:17:31.008592+00:00;DUBDUFBULUUUDRRDRDUBFRFFDLLLBBDDUULRRBLRLFFLFRLBBBDFFR
87;LBL;90072;;;83;86;2025-09-07 19:22:06.301482+00:00;LBLFUBDLRUDDRRRFUFRUBFFDLURBRUUDBLBDDLBDLDFFUFLBFBLRRU
88;LBL;112467;;;152;170;2025-09-07 19:28:44.161279+00:00;FLFRULFDRBFLURRLBFRFDUFBBDBRBDLDLLRRLFDRLFUUUDDUDBBUUB
89;LBL;112628;;;139;148;2025-09-07 19:38:27.687291+00:00;BBBUUUFLLUBLFRFFRURBFBFLBULRFDLDDBDFLLDRLRRDUUDDRBURFD
90;LBL;93674;;;131;134;2025-09-07 19:46:07.688999+00:00;BUBFUFFDDLRRRRBFURUBFFFURUUDLLBDFLDBLDRLLLULFDBDRBDURB
91;LBL;119174;;;130;142;2025-09-07 19:53:13.988718+00:00;BLDFUDRRUBBFBRUBRLFFRDFRDULRLULDURFFLDURLLFBBLFDBBDUUD
93;Kociemba;33636;;;20;29;2025-09-08 18:51:55.739333+00:00;RRRFUFBRBDUBLRDULULDRBFDLFBFLLBDBURLDRDLLDFUDUUFFBUFBR
95;Kociemba;27679;;;20;27;2025-09-08 19:21:25.817802+00:00;FUUBUDRBDRFBBRLFDFUDBLFRDFRLUUDDRLUURUBFLBBLFLLDFBRLRD
96;Kociemba;31856;;;21;29;2025-09-08 19:27:32.736485+00:00;RDRLUBURDRUBDRDFLULUBRFFDDDLLRFDUBLLFBBFLBDRFURUBBUFFL
97;Kociemba;28350;;;20;28;2025-09-08 19:34:00.961994+00:00;FDFRUULUBRLRRRRBDLDBUFFBBFLDRUFDFFLFRUBBLLLURUBDDBLUDD
98;Kociemba;36875;;;20;29;2025-09-08 19:37:52.663142+00:00;UDBFUBUDDFLDURUUUFLBRRFBFDFDRRRDRRUUBDBFLFDBLLLRFBLLLB
99;Kociemba;26115;;;21;29;2025-09-08 19:41:02.698276+00:00;BLLDURRFRDUDLRBFBRULFFFUUUULFLBDLURDLRBFLRFUBFDDDBDBBR
100;Kociemba;22451;;;20;28;2025-09-08 19:45:37.974270+00:00;LBBBULRLUBULDRFFLRBFRRFLDFLFDDRDBUFUDDDULBLDRUUBUBRFRF
101;Kociemba;27556;;;20;27;2025-09-08 19:54:22.396897+00:00;UBRLURUFBUDBRRBLBFFDLLFURBDBRFLDLBFDRFLFLUDDDUUFDBRRUL
102;Kociemba;31248;;;21;28;2025-09-08 20:03:42.371214+00:00;BFFRUFUDLFLRDRUBFRFFDLFLUBDLRLDDUDDBDULBLURBBURRBBLURF
103;Kociemba;28432;;;20;29;2025-09-08 20:07:53.956162+00:00;FULFUBRBLDDFFRDLLRBLBLFRFDDURFBDUULBRUDULFBRRUBDFBRUDL
104;Kociemba;29765;;;21;28;2025-09-08 20:16:19.147891+00:00;LDLDUFDRULLFURLRBFRFBFFRFBBRRUDDUDDRFLBLLULBDUFDBBUURB
105;Kociemba;28470;;;20;27;2025-09-08 20:22:47.660688+00:00;DDLDUUUFFRRBLRRUFRFRDBFFFRFDBRUDULDBRBLLLLUBLDFBDBUULB
106;Kociemba;27451;;;21;28;2025-09-08 20:29:33.526182+00:00;RFLFUDLBDRFUBRRFDRUDBBFLLLRFUURDLBBFULFRLUDUDBUBFBDDRL
107;Kociemba;30372;;;20;27;2025-09-08 20:35:08.457903+00:00;DBDBULUDBUBRDRDURBFFLUFBRRRFFBFDUDFRBULDLLFUUFRLLBRDLL
108;Kociemba;22896;;;21;32;2025-09-08 20:38:27.683958+00:00;FBBUULFBUFFURRLBFBRRLLFDFLLUBUUDDBFRDFDULDDBRRDLUBRDRL
